Nama,Latitude,Longitude,Kecamatan,Source_URL
"Jembatan Cilongkrang",-6.8937363,108.3057861,"Talaga","https://www.google.com/maps/place/Jembatan+Cilongkrang/data=!4m7!3m6!1s0x2e6f24c90783896f:0x3378ec8c8ab9807a!8m2!3d-6.8937363!4d108.3057861!16s%2Fg%2F11f126sdpz!19sChIJb4mDB8kkby4ReoC5iozseDM?authuser=0&hl=id&rclk=1"
"Jembatan Cilongktang",-6.9027912,108.3189396,"Talaga","https://www.google.com/maps/place/Jembatan+Cilongktang/data=!4m7!3m6!1s0x2e6f3be60a11a5bb:0x5cb8b009bb8ea448!8m2!3d-6.9027912!4d108.3189396!16s%2Fg%2F11jln0s7ph!19sChIJu6URCuY7by4RSKSOuwmwuFw?authuser=0&hl=id&rclk=1"
"Jembatan Cipari",-6.8614851,108.3221752,"Talaga","https://www.google.com/maps/place/Jembatan+Cipari/data=!4m7!3m6!1s0x2e6f2487c7dc37ff:0x934c1ce7f28d2448!8m2!3d-6.8614851!4d108.3221752!16s%2Fg%2F11dxjl05dr!19sChIJ_zfcx4ckby4RSCSN8uccTJM?authuser=0&hl=id&rclk=1"
"Jembatan Gantung Cicalung",-6.8445684,108.3188137,"Talaga","https://www.google.com/maps/place/Jembatan+Gantung+Cicalung/data=!4m7!3m6!1s0x2e6f246e768cf51d:0x27aaaa5d1f9d0b52!8m2!3d-6.8445684!4d108.3188137!16s%2Fg%2F11dxjmnbjm!19sChIJHfWMdm4kby4RUgudH12qqic?authuser=0&hl=id&rclk=1"
"Jembatan Cikeruh",-6.8001375,108.2948514,"Talaga","https://www.google.com/maps/place/Jembatan+Cikeruh/data=!4m7!3m6!1s0x2e6f268d3caae891:0xd730633c00ee396c!8m2!3d-6.8001375!4d108.2948514!16s%2Fg%2F11g6v_rlcr!19sChIJkeiqPI0mby4RbDnuADxjMNc?authuser=0&hl=id&rclk=1"
"Jembatan Ciwaringin",-6.7830204,108.3497791,"Talaga","https://www.google.com/maps/place/Jembatan+Ciwaringin/data=!4m7!3m6!1s0x2e6f212472bcf73d:0x5c268d810bc23c1c!8m2!3d-6.7830204!4d108.3497791!16s%2Fg%2F11c6z0jvzz!19sChIJPfe8ciQhby4RHDzCC4GNJlw?authuser=0&hl=id&rclk=1"
"Jembatan Cipamintar",-6.9661828,108.315487,"Talaga","https://www.google.com/maps/place/Jembatan+Cipamintar/data=!4m7!3m6!1s0x2e6f3bec73ed1c71:0x5c6f595a37fe366b!8m2!3d-6.9661828!4d108.315487!16s%2Fg%2F11f3bd8c61!19sChIJcRztc-w7by4Razb-N1pZb1w?authuser=0&hl=id&rclk=1"
"Jembatan Cinambo",-6.9560775,108.2822389,"Talaga","https://www.google.com/maps/place/Jembatan+Cinambo/data=!4m7!3m6!1s0x2e6f3b0076b5cb6d:0x8f547b90ceed96b!8m2!3d-6.9560775!4d108.2822389!16s%2Fg%2F11yrtknf4x!19sChIJbcu1dgA7by4Ra9nuDLlH9Qg?authuser=0&hl=id&rclk=1"
"Jembatan Cikadongdong",-6.8253863,108.35879,"Talaga","https://www.google.com/maps/place/Jembatan+Cikadongdong/data=!4m7!3m6!1s0x2e6f23dd051ea013:0x545c9da869ea0495!8m2!3d-6.8253863!4d108.35879!16s%2Fg%2F11c7w22mj9!19sChIJE6AeBd0jby4RlQTqaaidXFQ?authuser=0&hl=id&rclk=1"
"Jembatan Cirungking",-6.9783463,108.3286292,"Talaga","https://www.google.com/maps/place/Jembatan+Cirungking/data=!4m7!3m6!1s0x2e6f3b626a9d093d:0xb4b4a6b5e445d8f4!8m2!3d-6.9783463!4d108.3286292!16s%2Fg%2F11mk645bgn!19sChIJPQmdamI7by4R9NhF5LWmtLQ?authuser=0&hl=id&rclk=1"
"Jembatan Ciawi 1 Simpeureum",-6.8367476,108.2550203,"Talaga","https://www.google.com/maps/place/Jembatan+Ciawi+1+Simpeureum/data=!4m7!3m6!1s0x2e6f25ec03accc01:0x71d44d6603477cf9!8m2!3d-6.8367476!4d108.2550203!16s%2Fg%2F11dxl830q9!19sChIJAcysA-wlby4R-XxHA2ZN1HE?authuser=0&hl=id&rclk=1"
"Jembatan Ciputri Rajagaluh",-6.7833348,108.3479544,"Talaga","https://www.google.com/maps/place/Jembatan+Ciputri+Rajagaluh/data=!4m7!3m6!1s0x2e6f21244cf8680b:0xbc340bee0d7ed832!8m2!3d-6.7833348!4d108.3479544!16s%2Fg%2F11g6v_q9x1!19sChIJC2j4TCQhby4RMth-De4LNLw?authuser=0&hl=id&rclk=1"
"Jembatan Cijurey",-6.9638487,108.2466793,"Talaga","https://www.google.com/maps/place/Jembatan+Cijurey/data=!4m7!3m6!1s0x2e6f3b8c57aed2d9:0xe29f139b6bffee01!8m2!3d-6.9638487!4d108.2466793!16s%2Fg%2F11smyk1jm0!19sChIJ2dKuV4w7by4RAe7_a5sTn-I?authuser=0&hl=id&rclk=1"
"Jembatan",-6.8214233,108.2006133,"Talaga","https://www.google.com/maps/place/Jembatan/data=!4m7!3m6!1s0x2e6f29622a1d4bb9:0xe1bda9749448ccd9!8m2!3d-6.8214233!4d108.2006133!16s%2Fg%2F11rc43xgkg!19sChIJuUsdKmIpby4R2cxIlHSpveE?authuser=0&hl=id&rclk=1"
"Jembatan Cibarengkok",-6.9522054,108.2834031,"Talaga","https://www.google.com/maps/place/Jembatan+Cibarengkok/data=!4m7!3m6!1s0x2e6f3b004f4e6a37:0x4b9bf50573670832!8m2!3d-6.9522054!4d108.2834031!16s%2Fg%2F11z6gzzmd6!19sChIJN2pOTwA7by4RMghncwX1m0s?authuser=0&hl=id&rclk=1"
"Jembatan Gantung Kali Merah",-6.9533053,108.237031,"Talaga","https://www.google.com/maps/place/Jembatan+Gantung+Kali+Merah/data=!4m7!3m6!1s0x2e6f3082855e7b59:0x1056c92fa9cfcdd2!8m2!3d-6.9533053!4d108.237031!16s%2Fg%2F11cs4dvn1n!19sChIJWXtehYIwby4R0s3PqS_JVhA?authuser=0&hl=id&rclk=1"
"JEMBATAN CIHERANG",-6.7977773,108.3309799,"Sumberjaya","https://www.google.com/maps/place/JEMBATAN+CIHERANG/data=!4m7!3m6!1s0x2e6f26b561d44669:0x5b16cb16e82fdd15!8m2!3d-6.7977773!4d108.3309799!16s%2Fg%2F11c6z057kc!19sChIJaUbUYbUmby4RFd0v6BbLFls?authuser=0&hl=id&rclk=1"
"Jembatan Cikeruh",-6.724317,108.2807755,"Talaga","https://www.google.com/maps/place/Jembatan+Cikeruh/data=!4m7!3m6!1s0x2e6ed863eaa14947:0x6c7cae1ef6dcc93c!8m2!3d-6.724317!4d108.2807755!16s%2Fg%2F11dxjgv4bq!19sChIJR0mh6mPYbi4RPMnc9h6ufGw?authuser=0&hl=id&rclk=1"
"Jembatan Ciasem",-6.8537806,108.2849153,"Sukahaji","https://www.google.com/maps/place/Jembatan+Ciasem/data=!4m7!3m6!1s0x2e6f25f1f6ce3397:0xff2ee8667dc59e0f!8m2!3d-6.8537806!4d108.2849153!16s%2Fg%2F11rfd6mdn9!19sChIJlzPO9vElby4RD57FfWboLv8?authuser=0&hl=id&rclk=1"
"Jembatan Cicamay",-6.95923,108.2290535,"Talaga","https://www.google.com/maps/place/Jembatan+Cicamay/data=!4m7!3m6!1s0x2e6f309bb46081f1:0x1befa2d78cccfd81!8m2!3d-6.95923!4d108.2290535!16s%2Fg%2F11gcqwt6np!19sChIJ8YFgtJswby4Rgf3MjNei7xs?authuser=0&hl=id&rclk=1"
"Jembatan Cigaleuh",-6.9983181,108.2372571,"Talaga","https://www.google.com/maps/place/Jembatan+Cigaleuh/data=!4m7!3m6!1s0x2e6f3758709d973f:0xf1533e8687369d26!8m2!3d-6.9983181!4d108.2372571!16s%2Fg%2F11f_4rsbm5!19sChIJP5edcFg3by4RJp02h4Y-U_E?authuser=0&hl=id&rclk=1"
"JEMBATAN ATOG KULON",-6.7862651,108.3489307,"Sumberjaya","https://www.google.com/maps/place/JEMBATAN+ATOG+KULON/data=!4m7!3m6!1s0x2e6f2124c817e301:0x295914d674f76be2!8m2!3d-6.7862651!4d108.3489307!16s%2Fg%2F11g6xp2ndw!19sChIJAeMXyCQhby4R4mv3dNYUWSk?authuser=0&hl=id&rclk=1"
"JEMBATAN ATOG WETAN",-6.7855221,108.351421,"Sumberjaya","https://www.google.com/maps/place/JEMBATAN+ATOG+WETAN/data=!4m7!3m6!1s0x2e6f2123426716e1:0x818242cd5d59e6e5!8m2!3d-6.7855221!4d108.351421!16s%2Fg%2F11dxjhh7_b!19sChIJ4RZnQiMhby4R5eZZXc1CgoE?authuser=0&hl=id&rclk=1"
"Jembatan Senangrasa",-6.9689325,108.2643353,"Talaga","https://www.google.com/maps/place/Jembatan+Senangrasa/data=!4m7!3m6!1s0x2e6f3b748c9997b1:0xacf56a019053ca66!8m2!3d-6.9689325!4d108.2643353!16s%2Fg%2F11vbcdrgrp!19sChIJsZeZjHQ7by4RZspTkAFq9aw?authuser=0&hl=id&rclk=1"
"Jembatan Cikarikil",-6.8040424,108.3756644,"Sumberjaya","https://www.google.com/maps/place/Jembatan+Cikarikil/data=!4m7!3m6!1s0x2e6f216d40374859:0xa6f52a7292b05cd7!8m2!3d-6.8040424!4d108.3756644!16s%2Fg%2F11f78cb49x!19sChIJWUg3QG0hby4R11ywknIq9aY?authuser=0&hl=id&rclk=1"
"Jembatan Sarongge",-6.7949664,108.3490209,"Sumberjaya","https://www.google.com/maps/place/Jembatan+Sarongge/data=!4m7!3m6!1s0x2e6f21328cf812d9:0x94ed517f71fcd220!8m2!3d-6.7949664!4d108.3490209!16s%2Fg%2F11hzc0b3d3!19sChIJ2RL4jDIhby4RINL8cX9R7ZQ?authuser=0&hl=id&rclk=1"
"Jembatan Cilandak",-6.7843802,108.3440544,"Sumberjaya","https://www.google.com/maps/place/Jembatan+Cilandak/data=!4m7!3m6!1s0x2e6f21aab555d279:0xecd6f71d9b030ecd!8m2!3d-6.7843802!4d108.3440544!16s%2Fg%2F11f7lfrkcx!19sChIJedJVtaohby4RzQ4Dmx331uw?authuser=0&hl=id&rclk=1"
"Jembatan Cibeureum",-7.019261,108.3044203,"Talaga","https://www.google.com/maps/place/Jembatan+Cibeureum/data=!4m7!3m6!1s0x2e6f392b25353adf:0xcf4f0934f98e8eee!8m2!3d-7.019261!4d108.3044203!16s%2Fg%2F11gj76pvv9!19sChIJ3zo1JSs5by4R7o6O-TQJT88?authuser=0&hl=id&rclk=1"
"Jembatan Cikijing I",-7.0193981,108.3608326,"Talaga","https://www.google.com/maps/place/Jembatan+Cikijing+I/data=!4m7!3m6!1s0x2e6f3ee1099c020f:0x538c5f4a42a0e746!8m2!3d-7.0193981!4d108.3608326!16s%2Fg%2F11gbzcq75f!19sChIJDwKcCeE-by4RRuegQkpfjFM?authuser=0&hl=id&rclk=1"
"Jembatan Cilengkrang",-6.9592467,108.2032611,"Talaga","https://www.google.com/maps/place/Jembatan+Cilengkrang/data=!4m7!3m6!1s0x2e6f31b01fbceb09:0x2fed2815fef81b2a!8m2!3d-6.9592467!4d108.2032611!16s%2Fg%2F11rmqq4ygl!19sChIJCeu8H7Axby4RKhv4_hUo7S8?authuser=0&hl=id&rclk=1"
"Jembatan ciburang",-7.038149,108.3257841,"Talaga","https://www.google.com/maps/place/Jembatan+ciburang/data=!4m7!3m6!1s0x2e6f396e1dfc1fd7:0xf66cee1ccd719eb0!8m2!3d-7.038149!4d108.3257841!16s%2Fg%2F11s1qqws1p!19sChIJ1x_8HW45by4RsJ5xzRzubPY?authuser=0&hl=id&rclk=1"
"Jembatan Desa Cipeundeuy",-7.0141042,108.2362298,"Talaga","https://www.google.com/maps/place/Jembatan+Desa+Cipeundeuy/data=!4m7!3m6!1s0x2e6f37625dfd619d:0xe80357bfab6263a9!8m2!3d-7.0141042!4d108.2362298!16s%2Fg%2F11fz2r9tl_!19sChIJnWH9XWI3by4RqWNiq79XA-g?authuser=0&hl=id&rclk=1"
"Jembatan Cimanuk Cidomas",-6.9624223,108.2482652,"Talaga","https://www.google.com/maps/place/Jembatan+Cimanuk+Cidomas/data=!4m7!3m6!1s0x2e6f3b5b2c346651:0xec1e988ea0ec400a!8m2!3d-6.9624223!4d108.2482652!16s%2Fg%2F11kjm_m5q6!19sChIJUWY0LFs7by4RCkDsoI6YHuw?authuser=0&hl=id&rclk=1"
"Jembatan Cimanuk Tol Cipali KM161-400",-6.7011504,108.198178,"Talaga","https://www.google.com/maps/place/Jembatan+Cimanuk+Tol+Cipali+KM161-400/data=!4m7!3m6!1s0x2e6ed7a9db3edd97:0xbea416a378f94f3f!8m2!3d-6.7011504!4d108.198178!16s%2Fg%2F11c1n1_f3h!19sChIJl90-26nXbi4RP0_5eKMWpL4?authuser=0&hl=id&rclk=1"
"Jembatan Kalapa Dua",-6.8719259,108.2425685,"Sukahaji","https://www.google.com/maps/place/Jembatan+Kalapa+Dua/data=!4m7!3m6!1s0x2e6f257cbea00e4b:0x8f8f4db8cec12b29!8m2!3d-6.8719259!4d108.2425685!16s%2Fg%2F11hbhjh9xh!19sChIJSw6gvnwlby4RKSvBzrhNj48?authuser=0&hl=id&rclk=1"
"Jembatan Talang",-6.8527045,108.26265,"Sukahaji","https://www.google.com/maps/place/Jembatan+Talang/data=!4m7!3m6!1s0x2e6f25f9e6e37443:0x1431bfc6d905873!8m2!3d-6.8527045!4d108.26265!16s%2Fg%2F11stxljrmw!19sChIJQ3Tj5vklby4Rc1iQbfwbQwE?authuser=0&hl=id&rclk=1"
"Jembatan Cideres Girang",-6.8336139,108.2406578,"Sukahaji","https://www.google.com/maps/place/Jembatan+Cideres+Girang/data=!4m7!3m6!1s0x2e6f25f7a0b30495:0x578ae1f63c8cf76f!8m2!3d-6.8336139!4d108.2406578!16s%2Fg%2F11c6zk9x_t!19sChIJlQSzoPclby4Rb_eMPPbhilc?authuser=0&hl=id&rclk=1"
"jembatan Cihideung",-6.9831435,108.2270315,"Talaga","https://www.google.com/maps/place/jembatan+Cihideung/data=!4m7!3m6!1s0x2e6f30ad96d65cfd:0x85bacd6977e5c55d!8m2!3d-6.9831435!4d108.2270315!16s%2Fg%2F11h9zdrlft!19sChIJ_VzWlq0wby4RXcXld2nNuoU?authuser=0&hl=id&rclk=1"
"Jembatan Cileutik",-6.873766,108.2156777,"Sukahaji","https://www.google.com/maps/place/Jembatan+Cileutik/data=!4m7!3m6!1s0x2e6f2f98219edf13:0x6f726651908c8b14!8m2!3d-6.873766!4d108.2156777!16s%2Fg%2F11f1xqplj0!19sChIJE9-eIZgvby4RFIuMkFFmcm8?authuser=0&hl=id&rclk=1"
"Jembatan Bantar Merak",-6.9424679,108.2053354,"Malausma","https://www.google.com/maps/place/Jembatan+Bantar+Merak/data=!4m7!3m6!1s0x2e6f310021cf6089:0x2e3b0ff04a2c6314!8m2!3d-6.9424679!4d108.2053354!16s%2Fg%2F11mrlwryjc!19sChIJiWDPIQAxby4RFGMsSvAPOy4?authuser=0&hl=id&rclk=1"
"Jembatan cipondoh",-6.9552084,108.2206612,"Malausma","https://www.google.com/maps/place/Jembatan+cipondoh/data=!4m7!3m6!1s0x2e6f317129385501:0xa25c638b8a9af4d5!8m2!3d-6.9552084!4d108.2206612!16s%2Fg%2F11sv1cvhd9!19sChIJAVU4KXExby4R1fSaiotjXKI?authuser=0&hl=id&rclk=1"
"Jembatan Citerus",-6.9586935,108.1985116,"Malausma","https://www.google.com/maps/place/Jembatan+Citerus/data=!4m7!3m6!1s0x2e6f313989fb0f27:0x6b6c98daac26493b!8m2!3d-6.9586935!4d108.1985116!16s%2Fg%2F11r_tzgk8g!19sChIJJw_7iTkxby4RO0kmrNqYbGs?authuser=0&hl=id&rclk=1"
"Jembatan Dusun Pangkalan Cipeundeuy",-7.0193273,108.2298646,"Talaga","https://www.google.com/maps/place/Jembatan+Dusun+Pangkalan+Cipeundeuy/data=!4m7!3m6!1s0x2e6f377b0e5e50cf:0x2f0a467d59571bce!8m2!3d-7.0193273!4d108.2298646!16s%2Fg%2F11fx_28bm9!19sChIJz1BeDns3by4RzhtXWX1GCi8?authuser=0&hl=id&rclk=1"
"JEMBATAN CILULUK",-6.834262,108.2379342,"Sukahaji","https://www.google.com/maps/place/JEMBATAN+CILULUK/data=!4m7!3m6!1s0x2e6f25f7d65890a5:0xe19a5cc568c52112!8m2!3d-6.834262!4d108.2379342!16s%2Fg%2F11c6zjt6sx!19sChIJpZBY1vclby4REiHFaMVcmuE?authuser=0&hl=id&rclk=1"
"Jembatan Cikamarang",-6.8234643,108.1850532,"Sukahaji","https://www.google.com/maps/place/Jembatan+Cikamarang/data=!4m7!3m6!1s0x2e6f2938c047f557:0x82d035fb3811cd1b!8m2!3d-6.8234643!4d108.1850532!16s%2Fg%2F11nfv9str1!19sChIJV_VHwDgpby4RG80ROPs10II?authuser=0&hl=id&rclk=1"
"Jembatan Cisampora",-6.9942614,108.2113976,"Talaga","https://www.google.com/maps/place/Jembatan+Cisampora/data=!4m7!3m6!1s0x2e6f3747d5f13b7d:0x680079114ac3bddb!8m2!3d-6.9942614!4d108.2113976!16s%2Fg%2F11f26410bt!19sChIJfTvx1Uc3by4R273DShF5AGg?authuser=0&hl=id&rclk=1"
"Jembatan Cihideung",-6.9955714,108.2203913,"Talaga","https://www.google.com/maps/place/Jembatan+Cihideung/data=!4m7!3m6!1s0x2e6f374f3691a6e3:0x895c0d7c938060b!8m2!3d-6.9955714!4d108.2203913!16s%2Fg%2F11f1zlsb4b!19sChIJ46aRNk83by4RCwY4ydfAlQg?authuser=0&hl=id&rclk=1"
"Jembatan Cingaraja",-7.0358535,108.1714999,"Malausma","https://www.google.com/maps/place/Jembatan+Cingaraja/data=!4m7!3m6!1s0x2e6f37036e370ce9:0xd40013f6fef28e19!8m2!3d-7.0358535!4d108.1714999!16s%2Fg%2F11sfrtk5k0!19sChIJ6Qw3bgM3by4RGY7y_vYTANQ?authuser=0&hl=id&rclk=1"
"Jembatan Tonjong Cilangkap",-7.0175493,108.2550411,"Talaga","https://www.google.com/maps/place/Jembatan+Tonjong+Cilangkap/data=!4m7!3m6!1s0x2e6f390ed5eb73a5:0x618b90f08a4480e4!8m2!3d-7.0175493!4d108.2550411!16s%2Fg%2F11hz_m9n64!19sChIJpXPr1Q45by4R5IBEivCQi2E?authuser=0&hl=id&rclk=1"
"Jembatan sukajaya hilir",-6.8258482,108.208826,"Sukahaji","https://www.google.com/maps/place/Jembatan+sukajaya+hilir/data=!4m7!3m6!1s0x2e6f2f641e5aca41:0x65bd657eb4131da6!8m2!3d-6.8258482!4d108.208826!16s%2Fg%2F11q_53rl9j!19sChIJQcpaHmQvby4Rph0TtH5lvWU?authuser=0&hl=id&rclk=1"
"Sasak beusi SILIWANGI",-6.8177423,108.1975691,"Panyingkiran","https://www.google.com/maps/place/Sasak+beusi+SILIWANGI/data=!4m7!3m6!1s0x2e6f29000bc1c10d:0xef75683f22321b2c!8m2!3d-6.8177423!4d108.1975691!16s%2Fg%2F11y41p2fqd!19sChIJDcHBCwApby4RLBsyIj9ode8?authuser=0&hl=id&rclk=1"
"Jembatan Monjot",-6.7318252,108.1671086,"Sukahaji","https://www.google.com/maps/place/Jembatan+Monjot/data=!4m7!3m6!1s0x2e6ed63d508e8243:0x7fa20e306c87e97!8m2!3d-6.7318252!4d108.1671086!16s%2Fg%2F11c2y42r2n!19sChIJQ4KOUD3Wbi4Rl37IBuMg-gc?authuser=0&hl=id&rclk=1"
"Jembatan Gantung Blok Kepuh Desa Cijurey",-6.827999,108.1613506,"Panyingkiran","https://www.google.com/maps/place/Jembatan+Gantung+Blok+Kepuh+Desa+Cijurey/data=!4m7!3m6!1s0x2e6f29e529d8f829:0xf1fcae91fa6471c3!8m2!3d-6.827999!4d108.1613506!16s%2Fg%2F11s643gd0g!19sChIJKfjYKeUpby4Rw3Fk-pGu_PE?authuser=0&hl=id&rclk=1"
"Jembatan Gantung",-6.6926426,108.2843486,"Sumberjaya","https://www.google.com/maps/place/Jembatan+Gantung/data=!4m7!3m6!1s0x2e6ed9aa1ae92df5:0xd7873f33a2a96875!8m2!3d-6.6926426!4d108.2843486!16s%2Fg%2F11c5b16t9s!19sChIJ9S3pGqrZbi4RdWipojM_h9c?authuser=0&hl=id&rclk=1"
"Jembatan Cidangdung",-6.7323722,108.2023709,"Sukahaji","https://www.google.com/maps/place/Jembatan+Cidangdung/data=!4m7!3m6!1s0x2e6ed7da9f79ec81:0xdc0b88a07eb114bf!8m2!3d-6.7323722!4d108.2023709!16s%2Fg%2F11c70c10qn!19sChIJgex5n9rXbi4RvxSxfqCIC9w?authuser=0&hl=id&rclk=1"
"Jembatan TOL Majasuka",-6.6976025,108.2984453,"Sumberjaya","https://www.google.com/maps/place/Jembatan+TOL+Majasuka/data=!4m7!3m6!1s0x2e6ed98ba157a2b5:0xebf02aeaf1a32ae8!8m2!3d-6.6976025!4d108.2984453!16s%2Fg%2F11v5stbb76!19sChIJtaJXoYvZbi4R6Cqj8eoq8Os?authuser=0&hl=id&rclk=1"
"Jembatan perbatasan majalengka sumedang palasah kertajati kabupaten majalengka",-6.698176,108.1250791,"Sukahaji","https://www.google.com/maps/place/Jembatan+perbatasan+majalengka+sumedang+palasah+kertajati+kabupaten+majalengka/data=!4m7!3m6!1s0x2e6ed5e1f2f1cc79:0xd53f1f1e3850dd65!8m2!3d-6.698176!4d108.1250791!16s%2Fg%2F11v6425tv2!19sChIJeczx8uHVbi4RZd1QOB4fP9U?authuser=0&hl=id&rclk=1"
"Jembatan Beber Randegan",-6.6614856,108.2416696,"Sumberjaya","https://www.google.com/maps/place/Jembatan+Beber+Randegan/data=!4m7!3m6!1s0x2e6ed9feee7d0fb7:0x67f7477fd92f86d9!8m2!3d-6.6614856!4d108.2416696!16s%2Fg%2F11dxjwd1y3!19sChIJtw997v7Zbi4R2YYv2X9H92c?authuser=0&hl=id&rclk=1"
"Jembatan Cisambeng",-6.7798602,108.2603204,"Sukahaji","https://www.google.com/maps/place/Jembatan+Cisambeng/data=!4m7!3m6!1s0x2e6f27fa3919ea55:0x6797ec68e380d8eb!8m2!3d-6.7798602!4d108.2603204!16s%2Fg%2F11vhy4dw4t!19sChIJVeoZOfonby4R69iA42jsl2c?authuser=0&hl=id&rclk=1"
"Eks jembatan kereta kadipaten",-6.7660244,108.172925,"Panyingkiran","https://www.google.com/maps/place/Eks+jembatan+kereta+kadipaten/data=!4m7!3m6!1s0x2e6f29004c62103b:0xb33c511d5643db61!8m2!3d-6.7660244!4d108.172925!16s%2Fg%2F11z5d7f_zx!19sChIJOxBiTAApby4RYdtDVh1RPLM?authuser=0&hl=id&rclk=1"
"Jembatan Cisuminta",-7.0424837,108.3363257,"Talaga","https://www.google.com/maps/place/Jembatan+Cisuminta/data=!4m7!3m6!1s0x2e6f3f002bcc3ee9:0x779a0a051f86ceb7!8m2!3d-7.0424837!4d108.3363257!16s%2Fg%2F11zkd7_fby!19sChIJ6T7MKwA_by4Rt86GHwUKmnc?authuser=0&hl=id&rclk=1"
"Jembatan Cihagir",-7.0173103,108.3638409,"Cingambul","https://www.google.com/maps/place/Jembatan+Cihagir/data=!4m7!3m6!1s0x2e6f3f9af6e00463:0x248029e1cd26f005!8m2!3d-7.0173103!4d108.3638409!16s%2Fg%2F11f5_kp65x!19sChIJYwTg9po_by4RBfAmzeEpgCQ?authuser=0&hl=id&rclk=1"
"jembatan sindang panji",-7.0139137,108.3771645,"Cikijing","https://www.google.com/maps/place/jembatan+sindang+panji/data=!4m7!3m6!1s0x2e6f3f00064657e1:0xe98e8cfa923e1a2d!8m2!3d-7.0139137!4d108.3771645!16s%2Fg%2F11w1pyjls4!19sChIJ4VdGBgA_by4RLRo-kvqMjuk?authuser=0&hl=id&rclk=1"
"Jembatan Gantung PT. Telkom kerjasama KODAM III Siliwangi",-6.9915474,108.3004959,"Talaga","https://www.google.com/maps/place/Jembatan+Gantung+PT.+Telkom+kerjasama+KODAM+III+Siliwangi/data=!4m7!3m6!1s0x2e6f3902731f85b1:0x2f2406b6646a6ace!8m2!3d-6.9915474!4d108.3004959!16s%2Fg%2F11tjkflskm!19sChIJsYUfcwI5by4RzmpqZLYGJC8?authuser=0&hl=id&rclk=1"
"Sasak Gantung",-6.7535659,108.2343631,"Panyingkiran","https://www.google.com/maps/place/Sasak+Gantung/data=!4m7!3m6!1s0x2e6f2980295adc57:0xa53751abe2d529c1!8m2!3d-6.7535659!4d108.2343631!16s%2Fg%2F11n18hfgfk!19sChIJV9xaKYApby4RwSnV4qtRN6U?authuser=0&hl=id&rclk=1"
"Bawah jembatan",-6.7349268,108.2582317,"Sukahaji","https://www.google.com/maps/place/Bawah+jembatan/data=!4m7!3m6!1s0x2e6ed9c86179495b:0x25736af8b94b9669!8m2!3d-6.7349268!4d108.2582317!16s%2Fg%2F11shjksmmp!19sChIJW0l5YcjZbi4RaZZLufhqcyU?authuser=0&hl=id&rclk=1"
"Jembatan Cisambeng I",-6.7217541,108.2930044,"Sumberjaya","https://www.google.com/maps/place/Jembatan+Cisambeng+I/data=!4m7!3m6!1s0x2e6ed88c3b5e5657:0x5a8f09c832f3d1be!8m2!3d-6.7217541!4d108.2930044!16s%2Fg%2F11dxjh1507!19sChIJV1ZeO4zYbi4RvtHzMsgJj1o?authuser=0&hl=id&rclk=1"
"Jembatan Kesejahteraan",-6.6959262,108.2852659,"Sumberjaya","https://www.google.com/maps/place/Jembatan+Kesejahteraan/data=!4m7!3m6!1s0x2e6ed97fd3b3a031:0xf6f4987a030b0c6!8m2!3d-6.6959262!4d108.2852659!16s%2Fg%2F11pz4kvc56!19sChIJMaCz03_Zbi4RxrAwoIdJbw8?authuser=0&hl=id&rclk=1"
"Eks Jembatan Kereta Api Cisambeng",-6.72241,108.293117,"Sumberjaya","https://www.google.com/maps/place/Eks+Jembatan+Kereta+Api+Cisambeng/data=!4m7!3m6!1s0x2e6ed90015f1fa77:0xd4b9436b2ada6f8f!8m2!3d-6.72241!4d108.293117!16s%2Fg%2F11y46l6xjs!19sChIJd_rxFQDZbi4Rj2_aKmtDudQ?authuser=0&hl=id&rclk=1"
"Jembatan Nanggereng",-6.7628306,108.333296,"Sumberjaya","https://www.google.com/maps/place/Jembatan+Nanggereng/data=!4m7!3m6!1s0x2e6f21d76d181861:0x9ecc56d645952bb1!8m2!3d-6.7628306!4d108.333296!16s%2Fg%2F11hzx5p4tj!19sChIJYRgYbdchby4RsSuVRdZWzJ4?authuser=0&hl=id&rclk=1"
"Jembatan Putridalem",-6.6383571,108.2498073,"Ligung","https://www.google.com/maps/place/Jembatan+Putridalem/data=!4m7!3m6!1s0x2e6edbd5c6046825:0xc0661cb75fcb4a08!8m2!3d-6.6383571!4d108.2498073!16s%2Fg%2F11p5rdzjc1!19sChIJJWgExtXbbi4RCErLX7ccZsA?authuser=0&hl=id&rclk=1"
"Spot mancing jembatan wanasalam sindupraja",-6.6573239,108.2527978,"Ligung","https://www.google.com/maps/place/Spot+mancing+jembatan+wanasalam+sindupraja/data=!4m7!3m6!1s0x2e6edb0050f2df63:0x58c3069e1a37cb24!8m2!3d-6.6573239!4d108.2527978!16s%2Fg%2F11xcfhh7d_!19sChIJY9_yUADbbi4RJMs3Gp4Gw1g?authuser=0&hl=id&rclk=1"
"Jembatan blok pulo",-6.6191505,108.2729348,"Ligung","https://www.google.com/maps/place/Jembatan+blok+pulo/data=!4m7!3m6!1s0x2e6edb00385bbba5:0x2e45b4f5a77a32c3!8m2!3d-6.6191505!4d108.2729348!16s%2Fg%2F11vrvzpjy7!19sChIJpbtbOADbbi4RwzJ6p_W0RS4?authuser=0&hl=id&rclk=1"
"Spot mancing jembatan baru wanasalam",-6.6551913,108.2605001,"Ligung","https://www.google.com/maps/place/Spot+mancing+jembatan+baru+wanasalam/data=!4m7!3m6!1s0x2e6edb006d4d0951:0xddafd0d779344be!8m2!3d-6.6551913!4d108.2605001!16s%2Fg%2F11xcqkxjzr!19sChIJUQlNbQDbbi4RvkSTdw392g0?authuser=0&hl=id&rclk=1"
"Jembatan Ci JAGO",-6.6583509,108.2172216,"Ligung","https://www.google.com/maps/place/Jembatan+Ci+JAGO/data=!4m7!3m6!1s0x2e6ed151540971c9:0x863f68ab35c91f29!8m2!3d-6.6583509!4d108.2172216!16s%2Fg%2F11krtxsmrj!19sChIJyXEJVFHRbi4RKR_JNatoP4Y?authuser=0&hl=id&rclk=1"
"Bekas Fondasi Jembatan Kereta Cirebon-Kadipaten",-6.7037327,108.3393218,"Sumberjaya","https://www.google.com/maps/place/Bekas+Fondasi+Jembatan+Kereta+Cirebon-Kadipaten/data=!4m7!3m6!1s0x2e6edf00547f8e81:0x12ede36d6f3b91d3!8m2!3d-6.7037327!4d108.3393218!16s%2Fg%2F11xgq4jpmd!19sChIJgY5_VADfbi4R05E7b23j7RI?authuser=0&hl=id&rclk=1"
"TB. Besi Jembatan Merah",-6.6514869,108.2213779,"Kertajati","https://www.google.com/maps/place/TB.+Besi+Jembatan+Merah/data=!4m7!3m6!1s0x2e6ed194d64f0a09:0xf0bf40d49358cc00!8m2!3d-6.6514869!4d108.2213779!16s%2Fg%2F11rwwtl6fl!19sChIJCQpP1pTRbi4RAMxYk9RAv_A?authuser=0&hl=id&rclk=1"
"Samping jembatan pelangi",-6.6528528,108.2845833,"Jatitujuh","https://www.google.com/maps/place/Samping+jembatan+pelangi/data=!4m7!3m6!1s0x2e6edb00052f9f5f:0x8a02a848a2fe609c!8m2!3d-6.6528528!4d108.2845833!16s%2Fg%2F11whh9psbs!19sChIJX58vBQDbbi4RnGD-okioAoo?authuser=0&hl=id&rclk=1"
"Jembatan singlar",-6.7283,108.3012,"Sumberjaya","https://www.google.com/maps/place/Jembatan+singlar/data=!4m7!3m6!1s0x2e6ed912c317bf49:0xa8b3c2195819359f!8m2!3d-6.7283!4d108.3012!16s%2Fg%2F11vbzb72dk!19sChIJSb8XwxLZbi4RnzUZWBnCs6g?authuser=0&hl=id&rclk=1"
"Jembatan Cipacar",-6.7669183,108.3414961,"Sumberjaya","https://www.google.com/maps/place/Jembatan+Cipacar/data=!4m7!3m6!1s0x2e6f219b889daa87:0x1200e54121b7ffc0!8m2!3d-6.7669183!4d108.3414961!16s%2Fg%2F11j93qhw2k!19sChIJh6qdiJshby4RwP-3IUHlABI?authuser=0&hl=id&rclk=1"
"Jembatan Desa Mindi",-6.7656418,108.3357782,"Sumberjaya","https://www.google.com/maps/place/Jembatan+Desa+Mindi/data=!4m7!3m6!1s0x2e6f211cead43a21:0xb4082aff971888b9!8m2!3d-6.7656418!4d108.3357782!16s%2Fg%2F11gk47xtn3!19sChIJITrU6hwhby4RuYgYl_8qCLQ?authuser=0&hl=id&rclk=1"
"Jembatan Cibugang",-6.7170835,108.3294872,"Sumberjaya","https://www.google.com/maps/place/Jembatan+Cibugang/data=!4m7!3m6!1s0x2e6ed9dcb15d4993:0x2213f98e4ea090a8!8m2!3d-6.7170835!4d108.3294872!16s%2Fg%2F11tb172015!19sChIJk0ldsdzZbi4RqJCgTo75EyI?authuser=0&hl=id&rclk=1"
"Jembatan Cikamangi Cipinang - Rajagaluh",-6.787467,108.336927,"Sumberjaya","https://www.google.com/maps/place/Jembatan+Cikamangi+Cipinang+-+Rajagaluh/data=!4m7!3m6!1s0x2e6f21003a7b4611:0x1fab123623bee71a!8m2!3d-6.787467!4d108.336927!16s%2Fg%2F11n3_149w8!19sChIJEUZ7OgAhby4RGue-IzYSqx8?authuser=0&hl=id&rclk=1"
"Jembatan anjun tdk BS dilewati mobil",-6.7674153,108.1695071,"Panyingkiran","https://www.google.com/maps/place/Jembatan+anjun+tdk+BS+dilewati+mobil/data=!4m7!3m6!1s0x2e6f2900226d05e7:0x53693080b885b284!8m2!3d-6.7674153!4d108.1695071!16s%2Fg%2F11yfz4msy7!19sChIJ5wVtIgApby4RhLKFuIAwaVM?authuser=0&hl=id&rclk=1"
"Jembatan kereta api cideres majalengka (prujakan kadipaten tanjung sari jatinangor rancaekek)",-6.7613978,108.196294,"Kasokandel","https://www.google.com/maps/place/Jembatan+kereta+api+cideres+majalengka+%28prujakan+kadipaten+tanjung+sari+jatinangor+rancaekek%29/data=!4m7!3m6!1s0x2e6f2999feb29771:0xfb030373c3045d12!8m2!3d-6.7613978!4d108.196294!16s%2Fg%2F11jh96_698!19sChIJcZey_pkpby4REl0Ew3MDA_s?authuser=0&hl=id&rclk=1"
"Eks jembatan lori jatiwangi",-6.7225938,108.2229243,"Kertajati","https://www.google.com/maps/place/Eks+jembatan+lori+jatiwangi/data=!4m7!3m6!1s0x2e6ed7006656dcd7:0x1815cc13d8a1bbbb!8m2!3d-6.7225938!4d108.2229243!16s%2Fg%2F11z5brdd75!19sChIJ19xWZgDXbi4Ru7uh2BPMFRg?authuser=0&hl=id&rclk=1"
"Dawuan Interchange",-6.688921,108.116988,"Kadipaten","https://www.google.com/maps/place/Dawuan+Interchange/data=!4m7!3m6!1s0x2e6ed5002789f1eb:0x87a98dce8b9458ef!8m2!3d-6.688921!4d108.116988!16s%2Fg%2F11w9d226pn!19sChIJ6_GJJwDVbi4R71iUi86NqYc?authuser=0&hl=id&rclk=1"
"Jembatan ciduet (padasuka)",-6.6428465,108.1435819,"Kertajati","https://www.google.com/maps/place/Jembatan+ciduet+%28padasuka%29/data=!4m7!3m6!1s0x2e6ed100350ff0d1:0x17911c915ccf44cd!8m2!3d-6.6428465!4d108.1435819!16s%2Fg%2F11yzvx13rs!19sChIJ0fAPNQDRbi4RzUTPXJEckRc?authuser=0&hl=id&rclk=1"
"Jembatan cikutu",-6.6425628,108.1397685,"Kertajati","https://www.google.com/maps/place/Jembatan+cikutu/data=!4m7!3m6!1s0x2e6ed30037d7c5d3:0x141d8b52a7ec28d3!8m2!3d-6.6425628!4d108.1397685!16s%2Fg%2F11yzw1mg76!19sChIJ08XXNwDTbi4R0yjsp1KLHRQ?authuser=0&hl=id&rclk=1"
"Sasak Tol Ciseureuh",-6.6987463,108.2965312,"Ligung","https://www.google.com/maps/place/Sasak+Tol+Ciseureuh/data=!4m7!3m6!1s0x2e6ed9000d0bece9:0xfe905149960afef0!8m2!3d-6.6987463!4d108.2965312!16s%2Fg%2F11vzf5ljzx!19sChIJ6ewLDQDZbi4R8P4KlklRkP4?authuser=0&hl=id&rclk=1"
"JEMBATAN MEKAR BUDI",-6.7320056,108.3491116,"Sumberjaya","https://www.google.com/maps/place/JEMBATAN+MEKAR+BUDI/data=!4m7!3m6!1s0x2e6edf41f161265b:0x8b5c28d6561a794b!8m2!3d-6.7320056!4d108.3491116!16s%2Fg%2F11j3b81k5f!19sChIJWyZh8UHfbi4RS3kaVtYoXIs?authuser=0&hl=id&rclk=1"
"Sasak Leuwinagara",-6.7139159,108.3020489,"Leuwimunding","https://www.google.com/maps/place/Sasak+Leuwinagara/data=!4m7!3m6!1s0x2e6ed9006363ba8d:0xc6f156dd87c40759!8m2!3d-6.7139159!4d108.3020489!16s%2Fg%2F11w3p0sdjp!19sChIJjbpjYwDZbi4RWQfEh91W8cY?authuser=0&hl=id&rclk=1"
"Sasak Desa",-6.7122587,108.30237,"Leuwimunding","https://www.google.com/maps/place/Sasak+Desa/data=!4m7!3m6!1s0x2e6ed90040d718f7:0x58123057a29dedd3!8m2!3d-6.7122587!4d108.30237!16s%2Fg%2F11vwz2rzw3!19sChIJ9xjXQADZbi4R0-2dolcwElg?authuser=0&hl=id&rclk=1"
"Sasak Pa Acil",-6.7103884,108.3029618,"Leuwimunding","https://www.google.com/maps/place/Sasak+Pa+Acil/data=!4m7!3m6!1s0x2e6ed9003972c3f7:0x9c72f9c848895a2b!8m2!3d-6.7103884!4d108.3029618!16s%2Fg%2F11vwzg4sn7!19sChIJ98NyOQDZbi4RK1qJSMj5cpw?authuser=0&hl=id&rclk=1"
"Sasak Pa Akun",-6.7146139,108.3030788,"Leuwimunding","https://www.google.com/maps/place/Sasak+Pa+Akun/data=!4m7!3m6!1s0x2e6ed90033c0a41b:0x821c597870e8f7bb!8m2!3d-6.7146139!4d108.3030788!16s%2Fg%2F11vwz2r2m0!19sChIJG6TAMwDZbi4Ru_focHhZHII?authuser=0&hl=id&rclk=1"
"PUSAT JAJANAN JEMBATAN TOL TEGAL AREN",-6.711966,108.2689541,"Ligung","https://www.google.com/maps/place/PUSAT+JAJANAN+JEMBATAN+TOL+TEGAL+AREN/data=!4m7!3m6!1s0x2e6ed900198082d3:0xe17ce714c5d23dcb!8m2!3d-6.711966!4d108.2689541!16s%2Fg%2F11xyjhl8r9!19sChIJ04KAGQDZbi4Ryz3SxRTnfOE?authuser=0&hl=id&rclk=1"
"Jembatan lalu-lintas",-6.8445106,108.3189925,"Sindang","https://www.google.com/maps/place/Jembatan+lalu-lintas/data=!4m7!3m6!1s0x2e6f25c72e1c038f:0xacef423241d57f88!8m2!3d-6.8445106!4d108.3189925!16s%2Fg%2F11k431vx_6!19sChIJjwMcLsclby4RiH_VQTJC76w?authuser=0&hl=id&rclk=1"
"Arnes Shuttle Tonjong Majalengka",-6.8334985,108.2429564,"Majalengka","https://www.google.com/maps/place/Arnes+Shuttle+Tonjong+Majalengka/data=!4m7!3m6!1s0x2e6f25b19e4287cd:0xbe1d3d3f8930c17f!8m2!3d-6.8334985!4d108.2429564!16s%2Fg%2F11ff1xvpv6!19sChIJzYdCnrElby4Rf8EwiT89Hb4?authuser=0&hl=id&rclk=1"
"Lapang Pasar Lama",-6.8336383,108.2388131,"Majalengka","https://www.google.com/maps/place/Lapang+Pasar+Lama/data=!4m7!3m6!1s0x2e6f25595a1c0fcb:0xed2e6ecee0e73cf7!8m2!3d-6.8336383!4d108.2388131!16s%2Fg%2F11fm4wk7gh!19sChIJyw8cWlklby4R9zzn4M5uLu0?authuser=0&hl=id&rclk=1"
"Sasak Cihieum",-7.0144829,108.2280182,"Malausma","https://www.google.com/maps/place/Sasak+Cihieum/data=!4m7!3m6!1s0x2e6f3765a66cd803:0xb341fa6d10250500!8m2!3d-7.0144829!4d108.2280182!16s%2Fg%2F11f15h5qnx!19sChIJA9hspmU3by4RAAUlEG36QbM?authuser=0&hl=id&rclk=1"
"JEMBATAN CIKADONGDONG PERBATASAN CIPINANG RAJAGALUH",-6.7856306,108.340032,"Sumberjaya","https://www.google.com/maps/place/JEMBATAN+CIKADONGDONG+PERBATASAN+CIPINANG+RAJAGALUH/data=!4m7!3m6!1s0x2e6f2193e18ae457:0xb78df69196cf9937!8m2!3d-6.7856306!4d108.340032!16s%2Fg%2F11llf7zx08!19sChIJV-SK4ZMhby4RN5nPlpH2jbc?authuser=0&hl=id&rclk=1"
"Jembatan Singawada",-6.7948828,108.3494645,"Sindangwangi","https://www.google.com/maps/place/Jembatan+Singawada/data=!4m7!3m6!1s0x2e6f212ea7abe4bb:0xd60c1ede0a5d8a37!8m2!3d-6.7948828!4d108.3494645!16s%2Fg%2F11hzc11m_2!19sChIJu-Srpy4hby4RN4pdCt4eDNY?authuser=0&hl=id&rclk=1"
"Murunyuy",-6.8054689,108.3256432,"Rajagaluh","https://www.google.com/maps/place/Murunyuy/data=!4m7!3m6!1s0x2e6f2701c1f467eb:0x916bb2456f4b9749!8m2!3d-6.8054689!4d108.3256432!16s%2Fg%2F11kxd_40kz!19sChIJ62f0wQEnby4RSZdLb0Wya5E?authuser=0&hl=id&rclk=1"
"Wisata Situ Cipanten",-6.8232097,108.3276015,"Rajagaluh","https://www.google.com/maps/place/Wisata+Situ+Cipanten/data=!4m7!3m6!1s0x2e6f2406b0ed6805:0x86493d5c4d863bc5!8m2!3d-6.8232097!4d108.3276015!16s%2Fg%2F11bz_1mnhf!19sChIJBWjtsAYkby4RxTuGTVw9SYY?authuser=0&hl=id&rclk=1"
"Jembatan Biru",-6.8057724,108.4004895,"Sindangwangi","https://www.google.com/maps/place/Jembatan+Biru/data=!4m7!3m6!1s0x2e6f218d8489a71d:0x66a11752b23c1f5a!8m2!3d-6.8057724!4d108.4004895!16s%2Fg%2F11fz0vv1gv!19sChIJHaeJhI0hby4RWh88slIXoWY?authuser=0&hl=id&rclk=1"
"Bendungan Sindangpano",-6.8101227,108.3606058,"Sindangwangi","https://www.google.com/maps/place/Bendungan+Sindangpano/data=!4m7!3m6!1s0x2e6f2166c01d7f6f:0xf012289bc5ff99b4!8m2!3d-6.8101227!4d108.3606058!16s%2Fg%2F11c1_vs7ll!19sChIJb38dwGYhby4RtJn_xZsoEvA?authuser=0&hl=id&rclk=1"
"Djts Detissa Jaya Tiga Saudara",-6.7353716,108.3254948,"Sumberjaya","https://www.google.com/maps/place/Djts+Detissa+Jaya+Tiga+Saudara/data=!4m7!3m6!1s0x2e6ed92335fa3cbb:0xf25e498802a8bd5a!8m2!3d-6.7353716!4d108.3254948!16s%2Fg%2F11fn98kc_7!19sChIJuzz6NSPZbi4RWr2oAohJXvI?authuser=0&hl=id&rclk=1"
"JEMBATAN PAKUWON",-6.7333434,108.3484658,"Sumberjaya","https://www.google.com/maps/place/JEMBATAN+PAKUWON/data=!4m7!3m6!1s0x2e6edfd9e831148b:0xe0c1d63961ab5300!8m2!3d-6.7333434!4d108.3484658!16s%2Fg%2F11j39m7v_g!19sChIJixQx6Nnfbi4RAFOrYTnWweA?authuser=0&hl=id&rclk=1"
"Jembatan careuy tarikolot~mirat",-6.7407192,108.3479458,"Sumberjaya","https://www.google.com/maps/place/Jembatan+careuy+tarikolot~mirat/data=!4m7!3m6!1s0x2e6f212c1a341b69:0x2b6a87c9ba5862e9!8m2!3d-6.7407192!4d108.3479458!16s%2Fg%2F11kqw0xtzv!19sChIJaRs0Giwhby4R6WJYusmHais?authuser=0&hl=id&rclk=1"
